"Operator,Domain"
"Abound Communities,aboundcommunities.org.au"
"ACH Group,achgroup.org.au"
"Advent Care,adventcare.org.au"
"Anglican / Benetas,benetas.com.au"
"Arcadia Group,"
"Ardency,ardency.com.au"
"Arpad Society,"
"Aspen Group,aspengroup.com.au"
"Australian Unity,australianunity.com.au"
"Aveo,aveo.com.au"
"Avington Living,avintonliving.com.au"
"Baptcare,baptcare.org.au"
"Barwon Health,barwonhealth.org.au"
"BASScare,basscare.org.au"
"Bellarine Community Health,bch.org.au"
"Benetas,benetas.com.au"
"Bendigo Lifestyle Village,bendigolifestylevillage.com.au"
"Bendigo retirement Village,bendigoretirementvillage.com.au"
"Berkeley Living,berkeleyliving.com.au"
"Blue Hills Group,bluehillsresidences.com.au"
"BlueCross,bluecross.com.au"
"Bolton Clarke,boltonclarke.com.au"
"Calvary,calvarycare.org.au"
"Canterbury Homes,canterburyhomes.org.au"
"Centennial Living,centennialliving.com.au"
"Country Club Living,countryclubliving.com.au"
"Cooinda Benalla,cooindabenalla.com.au"
"Cumberland View,cumberlandview.com.au"
"Dunmunkle Lodge,dunmunklelodge.org.au"
"Edgarley Home,edgarley.com.au"
"Edith Bendall,edithbendall.org.au"
"Emmy Monash,emmyMonash.asn.au"
"Encore Living,encoreliving.com.au"
"Euchuca Community For The Aged,"
"Euroa Health,euroahealth.com.au"
"Fairview,fairviewvillage.org.au"
"Glengollan,glengollan.com.au"
"Goldcare,"
"Good Shepherd,goodshep.org.au"
"Havilah Inc,havilah.org.au"
"Inala,inala.org.au"
"IP Living,ipliving.com.au"
"Jewish Care Victoria,jewishcare.org.au"
"Kardis Retirement Villages,kardisretirementvillages.com.au"
"Karinya,"
"Kellock Lodge,kellocklodge.org.au"
"Keyton,keyton.com.au"
"Kings Living,kingsliving.com.au"
"Kirkbrae (Presbyterian),kirkbrae.org.au"
"Latrobe Valley Village,lvv.org.au"
"Latvian Friendly Society,"
"Levande,levande.com.au"
"Lincoln Place,lincolnplace.com.au"
"Lifestyle Communities,lifestylecommunities.com.au"
"Linton Court,lintoncourt.com.au"
"Lions Club,lionsclubs.org.au"
"Long Island Village,longislandvillage.com.au"
"Martin Luther Homes,martinlutherhomes.com.au"
"Mayflower,mayflower.org.au"
"mecwacare,mecwacare.org.au"
"Mercy Health,mercyhealth.com.au"
"Menzies,menzies.org.au"
"MiCare,micare.com.au"
"Mildura Gardens,milduragardens.com.au"
"Mitchell House,mitchellhouse.com.au"
"Moyola Gardens,moyola.com.au"
"Murchison Community Care,murchisoncommunitycare.com.au"
"Nazareth Care,nazarethcare.com"
"Oak Tree Group,oaktreegroup.com.au"
"Old Colonists’ Association,ocav.com.au"
"Olivet,olivet.org.au"
"One To Another,"
"Outlook Christian Village,outlookvillage.com.au"
"Palm Lake resort,palmlakeresort.com.au"
"Park lane Living,parklaneliving.com.au"
"Pinnacle Living,pinnacleliving.com.au"
"Princes Court Ltd,princescourt.com.au"
"Private Operator,"
"Probus Women’s Housing,"
"Providence,providencevillages.com.au"
"Querencia Living,querencialiving.com.au"
"RCA Villages,rcavillages.com.au"
"Restdown,"
"RM Begg,rmbegg.org.au"
"Royal Freemasons,royalfreemasons.org.au"
"Ryman Healthcare,rymanhealthcare.com.au"
"Shepparton Villages,sheppartonvillages.com.au"
"Sirovilla,sirovilla.org.au"
"St Vincent’s Care,stvincentscare.com.au"
"Strath Haven,strathhaven.com.au"
"Stretton Park,strettonpark.com.au"
"Summerset,summerset.com.au"
"Sunnyside Lutheran Homes,sunnysidelutheran.org.au"
"Swan Hill District Health,shdh.org.au"
"Teman Communities,teman.com.au"
"The Connault,"
"Tigcorp,tigcorp.com.au"
"TTHA,ttha.org.au"
"Ukrainian Elderly Peoples Home,"
"Uniting AgeWell,unitingagewell.org"
"UrbanLife,urbanlife.com.au"
"Vermont Elderly Homes,"
"Vermont Retirement Village,vermontvillage.com.au"
"Victorian Welfare Association,"
"Village Baxter,villagebaxter.com"
"Village Glen,villageglen.com.au"
"VMCH,vmch.com.au"
"Warramunda,warramunda.com.au"
"WDHS,wdhs.net"
"Wesley Homes,wesley.org.au"
"Westmont,westmont.org.au"
"Whitehaven,"
"Wintringham,wintringham.org.au"
"Wonthaggi Elderly Citizens,"
"Woorayl Lodge,woorayllodge.com.au"
"Yackandandah Health,yackandandahhealth.com.au"
